level,tlb,errtlb
0,115,0.004130
1,136,0.003998
2,141,0.003891
3,140,0.004067
